,score,pearson,spearman,ssim,r2,rmse,kolmogorov_smirnov,jensen_shannon,run_time,percentage,maptag,approach,category
0,0.6785714285714286,0.7092726826667786,0.758953332901001,0.989798903465271,0.030030984431505203,0.93159419298172,0.48317185044288635,0.1456109881401062,181.9829032421112,2.0,25.0,swr,spatial
1,0.75,0.4496070444583893,0.4171725809574127,0.9917663335800171,0.19075196981430054,0.8509198427200317,0.2450280487537384,0.18701137602329254,0.0023610591888427734,2.0,25.0,idw,deterministic
2,0.6785714285714286,0.4094863831996918,0.39695248007774353,0.9900243878364563,0.09066275507211685,0.9020078778266907,0.1310555785894394,0.17463333904743195,0.11217594146728516,2.0,25.0,rbf,deterministic
3,0.39285714285714285,0.3961860239505768,0.39486029744148254,0.9893931746482849,0.02049356698989868,0.9361630082130432,0.11881692707538605,0.18265770375728607,0.002194643020629883,2.0,25.0,knn,deterministic
4,,,,,,,,,,,,krige,spatial
5,,,,,,,,,,,,regkrige,spatial
6,0.5714285714285714,0.7663544416427612,0.8147234916687012,0.9904946684837341,0.0868237167596817,0.9012004137039185,0.4518674314022064,0.11276354640722275,172.25402688980103,5.0,25.0,swr,spatial
7,0.75,0.7091802358627319,0.705264687538147,0.9954497218132019,0.500377893447876,0.6665993332862854,0.1125723272562027,0.12500254809856415,0.015679597854614258,5.0,25.0,idw,deterministic
8,0.6785714285714286,0.7044671773910522,0.7000976800918579,0.9954082369804382,0.4934014081954956,0.6712372899055481,0.10731194168329239,0.12421905994415283,0.18990182876586914,5.0,25.0,rbf,deterministic
9,0.5,0.6889415383338928,0.6858384609222412,0.9952771067619324,0.46143579483032227,0.6920903921127319,0.07311940938234329,0.12448184192180634,0.00261688232421875,5.0,25.0,knn,deterministic
10,,,,,,,,,,,,krige,spatial
11,,,,,,,,,,,,regkrige,spatial
12,1.0,0.972037672996521,0.988113284111023,0.9995764493942261,0.9440908432006836,0.22418852150440216,0.0308162122964859,0.01367547083646059,1.2304315567016602,10.0,25.0,regkrige,spatial
13,0.4523809523809524,0.8984875679016113,0.9316398501396179,0.9914374351501465,0.15576934814453125,0.8711692690849304,0.4236535131931305,0.05391260236501694,168.99440360069275,10.0,25.0,swr,spatial
14,0.761904761904762,0.8809230923652649,0.8708972930908203,0.9982678890228271,0.7759426236152649,0.4487987458705902,0.03858967125415802,0.06836983561515808,0.9712936878204346,10.0,25.0,rbf,deterministic
15,0.5952380952380951,0.8639980554580688,0.855039119720459,0.9979333877563477,0.7299952507019043,0.49267175793647766,0.07828983664512634,0.07523617148399353,4.052883863449097,10.0,25.0,krige,spatial
16,0.42857142857142855,0.8469322919845581,0.8392858505249023,0.9976733326911926,0.6965076923370361,0.5223309993743896,0.09217101335525513,0.08341994136571884,0.0029363632202148438,10.0,25.0,knn,deterministic
17,0.2619047619047619,0.8279076814651489,0.8245556354522705,0.9973201155662537,0.660760760307312,0.5522363781929016,0.10438644886016846,0.09253329783678055,0.029081106185913086,10.0,25.0,idw,deterministic
18,1.0,0.9935685396194458,0.9928975105285645,0.9999086856842041,0.9871514439582825,0.10742596536874771,0.007994670420885086,0.006688547786325216,7.993924856185913,25.0,25.0,krige,spatial
19,0.7857142857142857,0.9893251657485962,0.9882842898368835,0.9998571872711182,0.9779653549194336,0.14068110287189484,0.016322452574968338,0.010639390908181667,0.8962602615356445,25.0,25.0,rbf,deterministic
20,0.7142857142857142,0.9871389269828796,0.9924263954162598,0.9998336434364319,0.9744215607643127,0.15157221257686615,0.021652230992913246,0.008059675805270672,17.875065803527832,25.0,25.0,regkrige,spatial
21,0.4523809523809524,0.9538268446922302,0.9523361325263977,0.9993091821670532,0.8931479454040527,0.30979466438293457,0.05029980093240738,0.03356548771262169,0.0028765201568603516,25.0,25.0,knn,deterministic
22,0.2857142857142857,0.9516612887382507,0.97611403465271,0.9943068623542786,0.3892107903957367,0.7406758666038513,0.3231179118156433,0.027339858934283257,171.90355467796326,25.0,25.0,swr,spatial
23,0.2619047619047619,0.9512827396392822,0.9490529298782349,0.9992262721061707,0.8833277225494385,0.3237176239490509,0.053297802805900574,0.03661205992102623,0.0830230712890625,25.0,25.0,idw,deterministic
24,1.0,0.9999995827674866,0.9999987483024597,1.0,0.9999991059303284,0.0008814655593596399,0.0014992504147812724,8.731162211006449e-07,30.32144832611084,50.0,25.0,krige,spatial
25,0.8333333333333333,0.998309314250946,0.9979740381240845,0.9999781250953674,0.9963218569755554,0.057019177824258804,0.00899550225585699,0.002250081393867731,0.551323652267456,50.0,25.0,rbf,deterministic
26,0.6666666666666666,0.9895832538604736,0.993636429309845,0.999885618686676,0.9792611598968506,0.1353936344385147,0.022488756105303764,0.0065506394021213055,220.10182070732117,50.0,25.0,regkrige,spatial
27,0.5,0.9709284901618958,0.9675530195236206,0.9996073842048645,0.9314194917678833,0.2462102621793747,0.039480261504650116,0.024392979219555855,0.11463069915771484,50.0,25.0,idw,deterministic
28,0.3333333333333333,0.9701060056686401,0.9671421051025391,0.9995809197425842,0.9287723302841187,0.2509170174598694,0.043478261679410934,0.024827368557453156,0.0026526451110839844,50.0,25.0,knn,deterministic
29,0.16666666666666666,0.942893922328949,0.9633461833000183,0.9972771406173706,0.6533239483833313,0.5535637736320496,0.20789605379104614,0.03266488015651703,228.31596779823303,50.0,25.0,swr,spatial
30,1.0,0.9632958173751831,0.9804986119270325,0.9991397261619568,0.9278549551963806,0.2786722779273987,0.023967362940311432,0.020338954403996468,0.3525404930114746,2.0,50.0,regkrige,spatial
31,0.8095238095238095,0.8790549039840698,0.8730601668357849,0.9966574907302856,0.7691196799278259,0.498521625995636,0.06960733979940414,0.07665847986936569,0.2856559753417969,2.0,50.0,rbf,deterministic
32,0.6904761904761905,0.8712562918663025,0.863066554069519,0.9964362382888794,0.757120668888092,0.5113118290901184,0.04079551249742508,0.08192276209592819,2.723588705062866,2.0,50.0,krige,spatial
33,0.42857142857142855,0.8503534197807312,0.8360123038291931,0.9956482648849487,0.697821319103241,0.5703250169754028,0.11218766123056412,0.08653736859560013,0.0024025440216064453,2.0,50.0,knn,deterministic
34,0.35714285714285715,0.8341860175132751,0.824970006942749,0.9958062767982483,0.6953988671302795,0.5726065635681152,0.09714431315660477,0.09740830957889557,0.004586935043334961,2.0,50.0,idw,deterministic
35,0.21428571428571427,0.8085169792175293,0.8457729816436768,0.983549177646637,0.03274592012166977,1.0203773975372314,0.494390606880188,0.09879884868860245,159.18436980247498,2.0,50.0,swr,spatial
36,0.9047619047619048,0.9896180629730225,0.9886130690574646,0.9997711777687073,0.979337215423584,0.14909003674983978,0.01499210949987173,0.010410559363663197,3.088257312774658,5.0,50.0,krige,spatial
37,0.9285714285714286,0.9890419244766235,0.9923015236854553,0.9997783899307251,0.9780824184417725,0.15355026721954346,0.012887953780591488,0.008134388364851475,0.441821813583374,5.0,50.0,regkrige,spatial
38,0.6666666666666666,0.9880928993225098,0.9863042235374451,0.9997225999832153,0.9756767749786377,0.16175761818885803,0.019463440403342247,0.01176806353032589,0.7591750621795654,5.0,50.0,rbf,deterministic
39,0.4523809523809524,0.9647649526596069,0.9596064686775208,0.9988844394683838,0.911037027835846,0.30935630202293396,0.053655970841646194,0.02839892916381359,0.0029664039611816406,5.0,50.0,knn,deterministic
40,0.2619047619047619,0.9467208385467529,0.9684664011001587,0.9846400618553162,0.08819958567619324,0.9903852939605713,0.4658074676990509,0.03142191842198372,172.57120871543884,5.0,50.0,swr,spatial
41,0.2857142857142857,0.9435462951660156,0.9396237730979919,0.9987369179725647,0.8861220479011536,0.3500048816204071,0.04865860193967819,0.03904978558421135,0.025090932846069336,5.0,50.0,idw,deterministic
42,1.0,0.9999008774757385,0.9998888373374939,0.9999978542327881,0.999801754951477,0.014597519300878048,0.003609105944633484,0.00016626024444121867,3.972540855407715,10.0,50.0,krige,spatial
43,0.8333333333333333,0.9988318681716919,0.9986327290534973,0.9999765157699585,0.9976235628128052,0.05053959786891937,0.006107717752456665,0.0016550455475226045,0.9641773700714111,10.0,50.0,rbf,deterministic
44,0.6666666666666666,0.9877932071685791,0.9927662014961243,0.9997545480728149,0.9755033254623413,0.16226451098918915,0.018323153257369995,0.008377115242183208,1.2730612754821777,10.0,50.0,regkrige,spatial
45,0.5,0.9855148792266846,0.9837437868118286,0.9996254444122314,0.9646608233451843,0.19489389657974243,0.029428094625473022,0.014429626986384392,0.0031070709228515625,10.0,50.0,knn,deterministic
46,0.3333333333333333,0.9728662967681885,0.9716046452522278,0.9994993805885315,0.9438366293907166,0.24569526314735413,0.03220432996749878,0.022772453725337982,0.030594348907470703,10.0,50.0,idw,deterministic
47,0.16666666666666666,0.860298752784729,0.902855396270752,0.9862974286079407,0.16861188411712646,0.9453052878379822,0.41143807768821716,0.07464087754487991,168.65276193618774,10.0,50.0,swr,spatial
48,1.0,1.0,1.0,1.0,1.0,5.93112008573371e-06,0.0006662225350737572,6.145955272485182e-11,7.848053216934204,25.0,50.0,krige,spatial
49,0.8333333333333333,0.9999610781669617,0.9999514818191528,0.9999994039535522,0.999921441078186,0.009189700707793236,0.003331112675368786,8.755124872550368e-05,0.8270151615142822,25.0,50.0,rbf,deterministic
50,0.5952380952380951,0.9942935109138489,0.9936005473136902,0.9998572468757629,0.9853710532188416,0.12540248036384583,0.019986676052212715,0.006504529621452093,0.0033223628997802734,25.0,50.0,knn,deterministic
51,0.35714285714285715,0.9924995303153992,0.9917502999305725,0.9998354315757751,0.9814437031745911,0.1412360817193985,0.021985342726111412,0.007901114411652088,0.09331488609313965,25.0,50.0,idw,deterministic
52,0.5476190476190476,0.991377592086792,0.9951880574226379,0.9998506307601929,0.9827404618263245,0.13621178269386292,0.0186542309820652,0.00558069022372365,17.935150623321533,25.0,50.0,regkrige,spatial
53,0.16666666666666666,0.9620480537414551,0.9807906746864319,0.9906864166259766,0.4017581045627594,0.8019332885742188,0.30512991547584534,0.022413164377212524,176.41691946983337,25.0,50.0,swr,spatial
54,1.0,1.0,1.0,1.0,1.0,4.862157766183373e-06,0.0009995002765208483,2.9751295177460335e-11,30.771862506866455,50.0,50.0,krige,spatial
55,0.8333333333333333,0.9999901056289673,0.9999856352806091,0.9999998211860657,0.9999794363975525,0.004712709225714207,0.003498250851407647,2.2048354367143475e-05,0.538571834564209,50.0,50.0,rbf,deterministic
56,0.5714285714285714,0.9968510866165161,0.9964695572853088,0.9999327063560486,0.9917808175086975,0.09419665485620499,0.016491753980517387,0.0037398957647383213,0.11854076385498047,50.0,50.0,idw,deterministic
57,0.4523809523809524,0.9963732957839966,0.9960229992866516,0.9999324083328247,0.9915885329246521,0.09529237449169159,0.014992503449320793,0.004187718033790588,0.002930164337158203,50.0,50.0,knn,deterministic
58,0.47619047619047616,0.9944040179252625,0.9972557425498962,0.999923050403595,0.9888371825218201,0.10977643728256226,0.014992503449320793,0.0032960069365799427,220.78401136398315,50.0,50.0,regkrige,spatial
59,0.16666666666666666,0.9598040580749512,0.9787086844444275,0.9956426620483398,0.6832976937294006,0.5847190618515015,0.18740630149841309,0.023016097024083138,157.97865462303162,50.0,50.0,swr,spatial
60,0.9523809523809524,0.9864545464515686,0.9849469065666199,0.9994798898696899,0.9730464816093445,0.19519343972206116,0.015298317186534405,0.011505285277962685,2.453680992126465,2.0,75.0,krige,spatial
61,0.761904761904762,0.9807131886482239,0.9800695776939392,0.9992513060569763,0.9615904688835144,0.23301132023334503,0.018357980996370316,0.015468112193048,0.41835951805114746,2.0,75.0,rbf,deterministic
62,0.7857142857142857,0.978519082069397,0.9879835247993469,0.9993212223052979,0.955745279788971,0.2501136064529419,0.030851606279611588,0.010715093463659286,0.30632543563842773,2.0,75.0,regkrige,spatial
63,0.4761904761904762,0.9576290845870972,0.9573116898536682,0.9980239868164062,0.8995808959007263,0.37676066160202026,0.05966343730688095,0.029348619282245636,0.002392292022705078,2.0,75.0,knn,deterministic
64,0.35714285714285715,0.9402355551719666,0.9367611408233643,0.9978474974632263,0.8807078003883362,0.410642147064209,0.047934725880622864,0.039140645414590836,0.004549980163574219,2.0,75.0,idw,deterministic
65,0.16666666666666666,0.9040500521659851,0.8954526782035828,0.9754186868667603,0.03643607720732689,1.1670721769332886,0.505609393119812,0.05872632935643196,170.8563094139099,2.0,75.0,swr,spatial
66,1.0,0.9999527335166931,0.9999444484710693,0.9999986290931702,0.9999052286148071,0.011569999158382416,0.003682272508740425,7.391609688056633e-05,3.2514657974243164,5.0,75.0,krige,spatial
67,0.8333333333333333,0.9992596507072449,0.9991077780723572,0.9999756217002869,0.9984775185585022,0.04638023301959038,0.00710152555257082,0.0010037856409326196,0.8048584461212158,5.0,75.0,rbf,deterministic
68,0.6666666666666666,0.9895568490028381,0.9928960204124451,0.9997028708457947,0.9792149066925049,0.17136788368225098,0.01446607057005167,0.007434929721057415,0.494067907333374,5.0,75.0,regkrige,spatial
69,0.4761904761904762,0.9892204999923706,0.9882858395576477,0.9995406866073608,0.9735720157623291,0.19323502480983734,0.03577064722776413,0.009838076308369637,0.0030057430267333984,5.0,75.0,knn,deterministic
70,0.35714285714285715,0.9798256158828735,0.978695809841156,0.999411404132843,0.9579129815101624,0.24385292828083038,0.028669120743870735,0.01622242107987404,0.05798602104187012,5.0,75.0,idw,deterministic
71,0.16666666666666666,0.9480317234992981,0.9551491737365723,0.9769704341888428,0.09238170087337494,1.1324143409729004,0.4742240905761719,0.03334886208176613,168.30487298965454,5.0,75.0,swr,spatial
72,1.0,1.0,0.9999999403953552,1.0,1.0,6.372755160555243e-05,0.0005552470684051514,5.370770495005672e-09,3.7773637771606445,10.0,75.0,krige,spatial
73,0.8333333333333333,0.999963641166687,0.9999531507492065,0.9999991059303284,0.9999269843101501,0.010155705735087395,0.0030538588762283325,7.626365550095215e-05,0.8901658058166504,10.0,75.0,rbf,deterministic
74,0.5714285714285714,0.9953514933586121,0.9946558475494385,0.9998431205749512,0.9890666007995605,0.12428758293390274,0.021099388599395752,0.0048761311918497086,0.002862215042114258,10.0,75.0,knn,deterministic
75,0.5714285714285714,0.9933189153671265,0.9954046607017517,0.99983149766922,0.9865642786026001,0.13777822256088257,0.008606329560279846,0.004610379692167044,1.2111940383911133,10.0,75.0,regkrige,spatial
76,0.35714285714285715,0.9899594783782959,0.989008367061615,0.9997537732124329,0.9789292812347412,0.17253994941711426,0.020821765065193176,0.0091599952429533,0.04395627975463867,10.0,75.0,idw,deterministic
77,0.16666666666666666,0.9058868288993835,0.9238048195838928,0.9791615009307861,0.17310233414173126,1.0808758735656738,0.43114936351776123,0.05311973765492439,157.77480840682983,10.0,75.0,swr,spatial
78,1.0,1.0,1.0,1.0,1.0,1.870397500169929e-05,0.0006662225350737572,3.2145383577208975e-10,7.643269062042236,25.0,75.0,krige,spatial
79,0.8333333333333333,0.9999959468841553,0.9999932050704956,0.9999999403953552,0.9999918341636658,0.0033919084817171097,0.0026648901402950287,1.1413533684390131e-05,0.9119031429290771,25.0,75.0,rbf,deterministic
80,0.6666666666666666,0.9979677200317383,0.9977988004684448,0.9999406337738037,0.9953301548957825,0.0811997801065445,0.0139906732365489,0.0022543056402355433,0.0032007694244384766,25.0,75.0,knn,deterministic
81,0.4523809523809524,0.9973738193511963,0.9971473813056946,0.999926745891571,0.9937766790390015,0.09373787045478821,0.018321119248867035,0.002964078215882182,0.08592891693115234,25.0,75.0,idw,deterministic
82,0.38095238095238093,0.9957567453384399,0.9972385764122009,0.9999075531959534,0.9914700388908386,0.10974312573671341,0.017321785911917686,0.0030533578246831894,18.162689447402954,25.0,75.0,regkrige,spatial
83,0.16666666666666666,0.972382128238678,0.9791750907897949,0.985607922077179,0.41407379508018494,0.9095460176467896,0.32778146862983704,0.01827072724699974,173.39491939544678,25.0,75.0,swr,spatial
84,1.0,1.0,1.0,1.0,1.0,2.2404483388527296e-06,0.0004997501382604241,5.663728600696638e-12,29.11272644996643,50.0,75.0,krige,spatial
85,0.8333333333333333,0.9999991655349731,0.999997615814209,1.0,0.9999982714653015,0.0015597549499943852,0.0019990005530416965,1.715642156341346e-06,0.6607487201690674,50.0,75.0,rbf,deterministic
86,0.6428571428571429,0.9989216923713684,0.9987232089042664,0.9999712109565735,0.9974349141120911,0.06032135337591171,0.013993003405630589,0.0012657530605793,0.11312294006347656,50.0,75.0,idw,deterministic
87,0.5238095238095238,0.9986341595649719,0.9983896017074585,0.9999680519104004,0.9970192313194275,0.06502587348222733,0.013493252918124199,0.0016389262164011598,0.0033674240112304688,50.0,75.0,knn,deterministic
88,0.3333333333333333,0.9944156408309937,0.9963559508323669,0.999897301197052,0.9886875748634338,0.12667708098888397,0.014992503449320793,0.003496169578284025,220.54774355888367,50.0,75.0,regkrige,spatial
89,0.16666666666666666,0.9683526158332825,0.9747833609580994,0.9929682612419128,0.6956914663314819,0.6570181250572205,0.2168915569782257,0.02005903795361519,166.5409231185913,50.0,75.0,swr,spatial
90,1.0,0.9989227652549744,0.9989694952964783,0.9999510049819946,0.9978466033935547,0.060571279376745224,0.008159102872014046,0.0012133014388382435,2.3540472984313965,2.0,100.0,krige,spatial
91,0.8333333333333333,0.9976386427879333,0.9979493618011475,0.9998894929885864,0.995245635509491,0.09000203758478165,0.013513513840734959,0.0021265586838126183,0.4178965091705322,2.0,100.0,rbf,deterministic
92,0.6666666666666666,0.9916951060295105,0.9934774041175842,0.9996867179870605,0.9833947420120239,0.16820140182971954,0.015043345279991627,0.006001040805131197,0.3048372268676758,2.0,100.0,regkrige,spatial
93,0.4761904761904762,0.9860962629318237,0.9867806434631348,0.9990953207015991,0.9628400206565857,0.2516196668148041,0.04971953108906746,0.01074098888784647,0.002382516860961914,2.0,100.0,knn,deterministic
94,0.35714285714285715,0.9729174971580505,0.9727517366409302,0.9988163709640503,0.9431881904602051,0.3111186623573303,0.04028556868433952,0.020454484969377518,0.004643917083740234,2.0,100.0,idw,deterministic
95,0.16666666666666666,0.9611753225326538,0.9644442796707153,0.9685021042823792,0.03777366876602173,1.280399203300476,0.5155532956123352,0.025756876915693283,165.870685338974,2.0,100.0,swr,spatial
96,1.0,0.9999998807907104,0.9999996423721313,1.0,0.9999997019767761,0.0006791915511712432,0.0013150973245501518,4.820171284336539e-07,3.074087381362915,5.0,100.0,krige,spatial
97,0.8333333333333333,0.999942421913147,0.9999382495880127,0.9999977946281433,0.9998842477798462,0.014039373025298119,0.0031562335789203644,9.51571055338718e-05,0.7101402282714844,5.0,100.0,rbf,deterministic
98,0.5952380952380951,0.9960626363754272,0.9961602091789246,0.9998061656951904,0.9904012680053711,0.12785528600215912,0.02788006328046322,0.004417537245899439,0.002779245376586914,5.0,100.0,knn,deterministic
99,0.5476190476190476,0.9936381578445435,0.9956509470939636,0.9997768402099609,0.9871852993965149,0.14772899448871613,0.015781167894601822,0.004330097697675228,0.4857659339904785,5.0,100.0,regkrige,spatial
100,0.35714285714285715,0.990981936454773,0.9908900260925293,0.9996687769889832,0.9808443188667297,0.1806177794933319,0.022882692515850067,0.008634094148874283,0.04339432716369629,5.0,100.0,idw,deterministic
101,0.16666666666666666,0.9720438122749329,0.9801302552223206,0.9703868627548218,0.09374616295099258,1.2423292398452759,0.4955286681652069,0.017695246264338493,174.1626889705658,5.0,100.0,swr,spatial
102,1.0,1.0,1.0,1.0,1.0,3.376590393600054e-05,0.000832870602607727,3.1391862442831098e-09,3.7880873680114746,10.0,100.0,krige,spatial
103,0.8333333333333333,0.9999945163726807,0.9999927878379822,0.9999998807907104,0.9999890923500061,0.004315353464335203,0.001665741205215454,1.0551108061918058e-05,0.858123779296875,10.0,100.0,rbf,deterministic
104,0.6428571428571429,0.9980449676513672,0.9980147480964661,0.9999071955680847,0.9951121211051941,0.09126248955726624,0.01998889446258545,0.0022827167995274067,0.003267526626586914,10.0,100.0,knn,deterministic
105,0.35714285714285715,0.9952831268310547,0.995505154132843,0.9996008276939392,0.9827821254730225,0.17128615081310272,0.04053303599357605,0.0046740029938519,0.07449221611022949,10.0,100.0,idw,deterministic
106,0.49999999999999994,0.9945459365844727,0.9963091015815735,0.999830961227417,0.9890503287315369,0.1365947127342224,0.011382564902305603,0.003647893201559782,1.1655216217041016,10.0,100.0,regkrige,spatial
107,0.16666666666666666,0.9772794246673584,0.9829535484313965,0.973362922668457,0.1815178245306015,1.1809661388397217,0.46085506677627563,0.015471106395125389,171.6874873638153,10.0,100.0,swr,spatial
108,1.0,1.0,1.0,1.0,1.0,2.5484712296020007e-06,0.0006662225350737572,1.3176404412007514e-11,7.46778130531311,25.0,100.0,krige,spatial
109,0.8333333333333333,0.9999992251396179,0.9999985694885254,1.0,0.9999985098838806,0.0016054122243076563,0.0013324450701475143,2.378773842792725e-06,0.8057124614715576,25.0,100.0,rbf,deterministic
110,0.6428571428571429,0.9991331696510315,0.999101459980011,0.9999683499336243,0.9979929327964783,0.05846725404262543,0.010659560561180115,0.0012494678376242518,0.0036177635192871094,25.0,100.0,knn,deterministic
111,0.4761904761904762,0.9988639950752258,0.9988517761230469,0.9999633431434631,0.9973451495170593,0.06724344193935394,0.014656895771622658,0.0015931896632537246,0.08475399017333984,25.0,100.0,idw,deterministic
112,0.38095238095238093,0.9970127940177917,0.9977236390113831,0.9999175667762756,0.9940267205238342,0.10086358338594437,0.009660226292908192,0.0021701534278690815,18.201829195022583,25.0,100.0,regkrige,spatial
113,0.16666666666666666,0.9793367981910706,0.9833937287330627,0.9814857840538025,0.42126327753067017,0.9928168654441833,0.35409727692604065,0.014517249539494514,171.83777904510498,25.0,100.0,swr,spatial
114,1.0,1.0,1.0,1.0,1.0,2.108262833644403e-06,0.0009995002765208483,2.1689262798968434e-12,26.550726652145386,50.0,100.0,krige,spatial
115,0.8333333333333333,0.9999999403953552,0.9999996423721313,1.0,0.9999998211860657,0.0005405927076935768,0.0014992504147812724,2.202459512545829e-07,0.681286096572876,50.0,100.0,rbf,deterministic
116,0.6666666666666666,0.999549925327301,0.9995260238647461,0.999987006187439,0.9989733099937439,0.041840966790914536,0.007996002212166786,0.0007093772874213755,0.11389923095703125,50.0,100.0,idw,deterministic
117,0.4761904761904762,0.9994800090789795,0.9994872808456421,0.9999731779098511,0.9986317157745361,0.04830225184559822,0.01199400331825018,0.0008113057701848447,0.00421595573425293,50.0,100.0,knn,deterministic
118,0.35714285714285715,0.9962443709373474,0.997605562210083,0.9999210834503174,0.9924371838569641,0.11355943232774734,0.009995002299547195,0.0022867938969284296,221.28751039505005,50.0,100.0,regkrige,spatial
119,0.16666666666666666,0.9778772592544556,0.9825394153594971,0.9912500381469727,0.7157269716262817,0.6962234377861023,0.225387305021286,0.015335381031036377,163.30794978141785,50.0,100.0,swr,spatial
